"lead_id","company_name","city","region","country","niche","website_url","website_status","public_contact_type","public_contact","phone_if_public","email_if_public","telegram_if_public","vk_if_public","review_signal","activity_signal","site_problem_1","site_problem_2","site_problem_3","why_this_business_may_pay","source_urls","score","confidence","notes","independent_site_status","primary_website_url","secondary_listing_url","official_site_evidence","recheck_notes"
"L001","Good-Avto","Санкт-Петербург","Санкт-Петербург","Россия","Автосервис","https://good-avto.com/","GOOD","phone","+7 812 565-97-15","+7 812 565-97-15","UNKNOWN","UNKNOWN","https://vk.ru/club225464472","5.0; 1473 отзыва","Свежие отзывы и действующий адрес","No qualifying redesign gap confirmed","Independent site covers services, prices and guarantees","Ten locations and booking forms are already supported","Большой поток отзывов и высокий чек создают потенциал окупаемости","https://good-avto.clients.site/; https://yandex.ru/maps/org/127071004454; https://good-avto.com/","1.8","HIGH","TOP-20 independent-site recheck: FOUND_GOOD. Live 360/1440 audit: HTTP 200, no overflow, ten service centers, services, prices, promotions, guarantees and multiple booking forms. Drop regardless of the weak clients.site listing.","FOUND_GOOD","https://good-avto.com/","https://good-avto.clients.site/","Exact name/address search and exact phone +7 812 565-97-15 both match good-avto.com and the researched service location.","Live 360/1440 audit: HTTP 200, no overflow, ten service centers, services, prices, promotions, guarantees and multiple booking forms. Drop regardless of the weak clients.site listing."
"L002","MTech","Москва","Москва","Россия","Автосервис","https://mtech.clients.site/","VERY_WEAK","website_form","https://mtech.clients.site/","UNKNOWN","UNKNOWN","UNKNOWN","UNKNOWN","4.7; 126 отзывов","Действующая карточка и отзывы","Типовой конструктор без фирменного визуального языка","Слабо раскрыты специализация и оборудование","Нет ясного маршрута от проблемы к записи","Автосервис может монетизировать локальный поисковый трафик и повторные визиты","https://mtech.clients.site/","7.5","MEDIUM","Контакт доступен через публичную страницу","","https://mtech.clients.site/","","",""
"L003","Момент затяжки","Фрязино","Московская область","Россия","Автосервис","https://moment-zatjazhki.clients.site/","VERY_WEAK","phone","+7 915 089-82-88","+7 915 089-82-88","UNKNOWN","UNKNOWN","UNKNOWN","4.5; 34 отзыва","Есть Telegram и свежая карточка","Шаблонная подача услуг","Нет кейсов до и после","CTA не сегментированы по срочности и типу ремонта","Локальный сервис с прямым контактом и понятным спросом","https://moment-zatjazhki.clients.site/","7.3","MEDIUM","Фрязино подтверждено публичной карточкой","","https://moment-zatjazhki.clients.site/","","",""
"L004","MonjaroClubSpb","Санкт-Петербург","Санкт-Петербург","Россия","Автосервис","https://monjaroclubspb.clients.site/","VERY_WEAK","phone","+7 901 399-95-32","+7 901 399-95-32","UNKNOWN","UNKNOWN","UNKNOWN","5.0; 140 отзывов","Активная нишевая аудитория и свежие отзывы","Нет собственного клубного визуального образа","Не раскрыта экспертиза по модели автомобиля","Нет лид-магнита или записи по типовой неисправности","Узкая специализация и лояльное сообщество повышают ценность сильного сайта","https://monjaroclubspb.clients.site/","7.6","HIGH","Нишевой автосервис","","https://monjaroclubspb.clients.site/","","",""
"L005","Side Masters Workshop","Сочи","Краснодарский край","Россия","Автосервис","https://side-masters-workshop.clients.site/","VERY_WEAK","phone","+7 938 888-27-68","+7 938 888-27-68","UNKNOWN","UNKNOWN","UNKNOWN","5.0; 37 отзывов","Действующая карточка и отзывы","Нет яркого индустриального бренда","Портфолио работ не превращено в кейсы","Слабая структура записи","Высокий локальный спрос и визуальные услуги хорошо продаются через кейсы","https://side-masters-workshop.clients.site/","7.2","MEDIUM","Локальный сервис в Сочи","","https://side-masters-workshop.clients.site/","","",""
"L006","Автосервис на Промышленной","Ярославль","Ярославская область","Россия","Автосервис","https://avtoservis-1668107811.clients.site/","VERY_WEAK","phone","+7 985 197-16-43","+7 985 197-16-43","UNKNOWN","UNKNOWN","UNKNOWN","4.9; 17 отзывов","Есть Telegram и WhatsApp","Безымянная шаблонная страница","Нет дифференциации и гарантий","Нет прозрачного каталога работ","Даже небольшой сервис может повысить доверие и конверсию локального трафика","https://avtoservis-1668107811.clients.site/","6.9","MEDIUM","Название нормализовано по карточке","","https://avtoservis-1668107811.clients.site/","","",""
"L007","RNK alliance","Екатеринбург","Свердловская область","Россия","Автосервис","https://rnk-alliance.clients.site/","VERY_WEAK","phone","+7 953 044-24-94","+7 953 044-24-94","UNKNOWN","UNKNOWN","UNKNOWN","4.9; рейтинг подтвержден","Есть Telegram и WhatsApp","Типовая страница без бренда","Недостаточно доказательств экспертизы","CTA не привязан к конкретной услуге","Городской рынок и прямые мессенджеры дают измеримый лидогенерационный потенциал","https://rnk-alliance.clients.site/","7.1","MEDIUM","Количество отзывов не зафиксировано","","https://rnk-alliance.clients.site/","","",""
"L008","Autohouse","Вологда","Вологодская область","Россия","Автосервис","https://autohouse-ulitsa-sammera.clients.site/","VERY_WEAK","phone","+7 817 278-44-05","+7 817 278-44-05","UNKNOWN","UNKNOWN","UNKNOWN","4.5; 11 отзывов","Действующий телефон и карточка","Шаблонный интерфейс","Мало доверительных блоков","Нет понятного пути записи","Сайт может поддержать рост локальной известности и повторных обращений","https://autohouse-ulitsa-sammera.clients.site/","6.8","MEDIUM","Небольшая база отзывов","","https://autohouse-ulitsa-sammera.clients.site/","","",""
"L009","Автодок","Краснодар","Краснодарский край","Россия","Автосервис","https://avtodok-1660033086.clients.site/","VERY_WEAK","phone","+7 995 317-00-17","+7 995 317-00-17","UNKNOWN","UNKNOWN","UNKNOWN","4.8; 62 отзыва","Есть WhatsApp и Viber","Нет собственного визуального бренда","Услуги не собраны по проблемам клиента","Нет калькулятора или быстрого запроса цены","Конкурентный рынок Краснодара делает конверсионный сайт экономически оправданным","https://avtodok-1660033086.clients.site/","7.4","HIGH","Активный локальный сервис","","https://avtodok-1660033086.clients.site/","","",""
"L010","РемСпот","Токсово","Ленинградская область","Россия","Автосервис","https://remspot.clients.site/","VERY_WEAK","telegram","Telegram на официальной странице","UNKNOWN","UNKNOWN","Telegram на официальной странице","UNKNOWN","4.9; 50 отзывов","Свежие отзывы; Telegram и WhatsApp","Типовой сайт конструктора","Нет сильного локального позиционирования","Слабая упаковка гарантий и процесса","Хорошая репутация уже есть; собственный сайт может конвертировать ее в заявки","https://remspot.clients.site/","7.6","HIGH","ООО и адрес подтверждены на странице","","https://remspot.clients.site/","","",""
"L011","АвтоТехЦентр 77","Москва","Москва","Россия","Автосервис","https://avtotehtsentr-77.clients.site/","VERY_WEAK","phone","+7 901 401-88-77","+7 901 401-88-77","UNKNOWN","Telegram на официальной странице","UNKNOWN","5.0; 340 отзывов","Акция 2026 и свежие отзывы","Одинаковая с конкурентами структура","Нет убедительной специализации и кейсов","Запись не объясняет следующий шаг","Большой объем отзывов и активные акции позволяют быстро проверить рост конверсии","https://avtotehtsentr-77.clients.site/","7.6","HIGH","Сильный запас социального доказательства","","https://avtotehtsentr-77.clients.site/","","",""
"L012","Реюньон","Москва","Москва","Россия","Стоматология","https://reunion-clinic.ru/","GOOD","phone","+7 495 221-75-23","+7 495 221-75-23","UNKNOWN","https://telegram.me/reunion_clinic","UNKNOWN","5.0; 207 отзывов","Свежие отзывы и активный Telegram","No qualifying redesign gap confirmed","Independent site presents doctors, services and prices","Appointment flow is already clear and responsive","Медицина с высоким чеком и 207 отзывами способна окупить редизайн","https://rejunon.clients.site/; https://yandex.ru/maps/org/1098362825; https://reunion-clinic.ru/","2.4","HIGH","TOP-20 independent-site recheck: FOUND_GOOD. Live 360/1440 audit: HTTP 200, no overflow, current 30-year positioning, prices, services, doctors, reviews and appointment forms. Commercially clear; drop.","FOUND_GOOD","https://reunion-clinic.ru/","https://rejunon.clients.site/","Exact name + Kantemirovskaya address search and phone/clinic search identify reunion-clinic.ru; the site shows the same Moscow address and clinic brand.","Live 360/1440 audit: HTTP 200, no overflow, current 30-year positioning, prices, services, doctors, reviews and appointment forms. Commercially clear; drop."
"L013","Имплант Профи","Москва","Москва","Россия","Стоматология","https://implant-profi.clients.site/","UNKNOWN","whatsapp","https://wa.me/+79262824800","+7 926 282-48-00","UNKNOWN","UNKNOWN","http://vk.ru/implantprofi","5.0; 248 отзывов","Активные отзывы и WhatsApp","Identity conflict between listing and same-name domain","Phones and clinic locations do not match","Official primary website remains uncertain","Имплантация имеет высокий чек и требует доверительного контента","https://implant-profi.clients.site/; https://yandex.ru/maps/org/234828234730","4.0","LOW","TOP-20 independent-site recheck: UNCERTAIN. implantprofi.ru is live, responsive and commercially complete, but ownership by this exact lead is unproven. Quality gate fails; exclude from TOP-10 until identity is resolved.","UNCERTAIN","https://implant-profi.clients.site/","https://implant-profi.clients.site/","Name-based search surfaced implantprofi.ru, but exact-phone/address checks do not connect the researched listing to that site: current domain contacts and clinics differ from the clients.site record.","implantprofi.ru is live, responsive and commercially complete, but ownership by this exact lead is unproven. Quality gate fails; exclude from TOP-10 until identity is resolved."
"L014","Атмосфера","Красноярск","Красноярский край","Россия","Стоматология","https://atmosfera-dental.ru/","BROKEN","telegram","https://telegram.me/atmosfera_smile_krsk","+7 995 440-03-30","UNKNOWN","https://telegram.me/atmosfera_smile_krsk","https://vk.ru/atmosfera_dental","5.0; 52 отзыва","Акции и активные соцсети","Independent domain fails TLS/browser loading","Indexed site warns that content may be outdated","Website is described as under development","Высокий чек и активные каналы делают персональный сайт коммерчески логичным","https://atmosfera-dental.clients.site/; https://yandex.ru/maps/org/157522007725; https://atmosfera-dental.ru/","9.7","HIGH","TOP-20 independent-site recheck: FOUND_BROKEN. Live Chrome audit failed at 360 and 1440 with ERR_CONNECTION_CLOSED; curl also failed the TLS handshake. Indexed pages state that information may be outdated and the site is under development. Active two-location clinic with an objective website failure; keep.","FOUND_BROKEN","https://atmosfera-dental.ru/","https://atmosfera-dental.clients.site/","Exact name + Krasnoyarsk search and exact phone +7 995 440-03-30 both match atmosfera-dental.ru; Yandex Maps and dental directories corroborate both clinic addresses.","Live Chrome audit failed at 360 and 1440 with ERR_CONNECTION_CLOSED; curl also failed the TLS handshake. Indexed pages state that information may be outdated and the site is under development. Active two-location clinic with an objective website failure; keep."
"L015","Dr. Igonin Clinic","Москва","Москва","Россия","Стоматология","https://dr-igonin-clinic.clients.site/","VERY_WEAK","phone","+7 985 785-25-70","+7 985 785-25-70","UNKNOWN","UNKNOWN","UNKNOWN","4.9; 49 отзывов","WhatsApp и Viber доступны","Нет персонального бренда врача в дизайне","Слабо раскрыты технологии и результаты","CTA общий для разных направлений","Авторская клиника может монетизировать экспертный контент и кейсы","https://dr-igonin-clinic.clients.site/","7.5","HIGH","Частная клиника","","https://dr-igonin-clinic.clients.site/","","",""
"L016","Романов Клиник","Сергач","Нижегородская область","Россия","Стоматология","https://romanov-klinik.clients.site/","VERY_WEAK","phone","+7 910 133-52-52","+7 910 133-52-52","UNKNOWN","UNKNOWN","UNKNOWN","5.0; 43 отзыва","Свежая публичная карточка","Шаблонный внешний вид","Нет подробных страниц лечения","Недостаточно локальных преимуществ","Для малого города сильный сайт может закрепить региональное лидерство","https://romanov-klinik.clients.site/","7.4","HIGH","Региональная клиника","","https://romanov-klinik.clients.site/","","",""
"L017","Мир улыбки","Москва","Москва","Россия","Стоматология","https://mirulibki.clients.site/","VERY_WEAK","phone","+7 495 664-43-03","+7 495 664-43-03","UNKNOWN","UNKNOWN","UNKNOWN","4.6; 56 отзывов","Действующая клиника и отзывы","Нет собственной айдентики","Услуги представлены без сценариев выбора","Недостаточно прозрачности по врачам и ценам","Конкуренция Москвы повышает ценность конверсионного редизайна","https://mirulibki.clients.site/","7.3","MEDIUM","Рейтинг ниже лидеров ниши","","https://mirulibki.clients.site/","","",""
"L018","Стоматология Бутово-Парк","Бутово","Московская область","Россия","Стоматология","https://stomatologija-butovo-park.clients.site/","VERY_WEAK","phone","+7 915 153-48-88","+7 915 153-48-88","UNKNOWN","UNKNOWN","UNKNOWN","4.9; 77 отзывов","Стабильная локальная репутация","Типовая страница без района и аудитории в образе","Нет врачебных профилей","Слабая запись по направлениям","Локальная клиника может увеличить заявки из своего жилого массива","https://stomatologija-butovo-park.clients.site/","7.6","HIGH","Локальный спрос","","https://stomatologija-butovo-park.clients.site/","","",""
"L019","Стомакс","Москва","Москва","Россия","Стоматология","https://stomatologija-stomaks.clients.site/","VERY_WEAK","phone","+7 904 567-35-09","+7 904 567-35-09","UNKNOWN","Telegram на официальной странице","UNKNOWN","4.5; 69 отзывов","Telegram и WhatsApp доступны","Шаблонный визуальный язык","Неочевидна специализация клиники","Нет убедительной системы доверия","У клиники есть база отзывов и прямые каналы для измерения заявок","https://stomatologija-stomaks.clients.site/","7.2","MEDIUM","Требует аккуратной работы с репутацией","","https://stomatologija-stomaks.clients.site/","","",""
"L020","Butterfly","Москва","Москва","Россия","Стоматология","https://stomatologiya-bolshaja-serpuhovskaja-ulitsa.clients.site/","VERY_WEAK","phone","+7 495 181-11-38","+7 495 181-11-38","UNKNOWN","Telegram на официальной странице","UNKNOWN","5.0; 77 отзывов","Активная карточка и Telegram","Нет уникальной визуальной концепции","Нет понятной архитектуры услуг","Слабая упаковка врачей и результатов","Высокий московский чек поддерживает бюджет на качественный сайт","https://stomatologiya-bolshaja-serpuhovskaja-ulitsa.clients.site/","7.5","HIGH","Частная клиника","","https://stomatologiya-bolshaja-serpuhovskaja-ulitsa.clients.site/","","",""
"L021","МастерДент","Санкт-Петербург","Санкт-Петербург","Россия","Стоматология","https://masterdent-prospekt-nauki.clients.site/","VERY_WEAK","phone","+7 981 336-25-39","+7 981 336-25-39","UNKNOWN","UNKNOWN","UNKNOWN","4.8; 71 отзыв","Действующая карточка и телефон","Шаблонная подача","Нет сильного первого экрана","Не показан путь пациента","Стабильная база отзывов позволяет усилить органический спрос","https://masterdent-prospekt-nauki.clients.site/","7.4","HIGH","Локальная клиника","","https://masterdent-prospekt-nauki.clients.site/","","",""
"L022","Becker","Санкт-Петербург","Санкт-Петербург","Россия","Мебель на заказ","https://kuhni-becker-spb.ru/","GOOD","telegram","https://telegram.me/info_becker_bot","UNKNOWN","UNKNOWN","https://telegram.me/info_becker_bot","https://vk.ru/kuhni.becker","4.9; 1911 отзывов","Свежие отзывы 2026 и активные соцсети","No qualifying redesign gap confirmed","Independent site has a clear calculator and forms","Responsive commercial structure is already present","Очень высокий объем отзывов и высокий средний чек дают лучший потенциал окупаемости","https://becker.clients.site/; https://yandex.ru/maps/org/76401982575; https://kuhni-becker-spb.ru/","2.6","HIGH","TOP-20 independent-site recheck: FOUND_GOOD. Live 360/1440 audit: HTTP 200, no horizontal overflow, strong offer, 6-step price calculator, three forms, warranty and clear CTAs. No objective redesign gap for a lead.","FOUND_GOOD","https://kuhni-becker-spb.ru/","https://becker.clients.site/","Exact-name + Saint Petersburg/address search and brand/social search surfaced this domain; the site presents Becker kitchens and an SPb contact path.","Live 360/1440 audit: HTTP 200, no horizontal overflow, strong offer, 6-step price calculator, three forms, warranty and clear CTAs. No objective redesign gap for a lead."
"L023","Спутник-Мебель","Тюмень","Тюменская область","Россия","Мебель на заказ","https://sputnikmebely72.clients.site/","VERY_WEAK","telegram","Telegram на официальной странице","UNKNOWN","UNKNOWN","Telegram на официальной странице","UNKNOWN","4.7; 16 отзывов","Есть Viber и WhatsApp","Шаблонный сайт","Нет портфолио как серии кейсов","Слабый сбор заявки на расчет","Высокий чек кухни оправдывает сайт даже при небольшом числе лидов","https://sputnikmebely72.clients.site/","7.0","MEDIUM","Количество отзывов умеренное","","https://sputnikmebely72.clients.site/","","",""
"L024","NVRSK-МЕБЕЛЬ","Раевская","Краснодарский край","Россия","Мебель на заказ","https://nvrskmebel.clients.site/","VERY_WEAK","phone","+7 967 668-46-68","+7 967 668-46-68","UNKNOWN","UNKNOWN","UNKNOWN","5.0; 51 отзыв","Свежая локальная карточка","Нет самостоятельного бренда","Слабо показаны реализованные интерьеры","Нет калькулятора проекта","Мебель на заказ имеет высокий чек и визуально продаваемый результат","https://nvrskmebel.clients.site/","7.6","HIGH","Работает на Новороссийск и окрестности","","https://nvrskmebel.clients.site/","","",""
"L025","Фламинго","Новороссийск","Краснодарский край","Россия","Мебель на заказ","https://flamingo-ulitsa-kunikova.clients.site/","VERY_WEAK","phone","+7 918 430-38-35","+7 918 430-38-35","UNKNOWN","Telegram на официальной странице","UNKNOWN","4.7; 17 отзывов","Telegram и WhatsApp","Типовая композиция","Мало доказательств качества","Нет структурированного запроса расчета","Сильный визуальный сайт может увеличить доверие при выборе подрядчика","https://flamingo-ulitsa-kunikova.clients.site/","6.9","MEDIUM","Локальный производитель","","https://flamingo-ulitsa-kunikova.clients.site/","","",""
"L026","Мебель на заказ","Краснодар","Краснодарский край","Россия","Мебель на заказ","https://mebel-na-zakaz-ulitsa-chernysheva.clients.site/","VERY_WEAK","phone","+7 918 497-95-83","+7 918 497-95-83","UNKNOWN","Telegram на официальной странице","UNKNOWN","UNKNOWN","Есть Telegram и WhatsApp","Безымянная шаблонная страница","Нет позиционирования","Нет портфолио и процесса заказа","Даже базовый фирменный сайт может заметно повысить воспринимаемую надежность","https://mebel-na-zakaz-ulitsa-chernysheva.clients.site/","6.8","MEDIUM","Рейтинг не зафиксирован","","https://mebel-na-zakaz-ulitsa-chernysheva.clients.site/","","",""
"L027","Миксон","Москва","Москва","Россия","Мебель на заказ","https://mikson-dmitrovskoe-shosse.clients.site/","VERY_WEAK","phone","+7 926 922-55-02","+7 926 922-55-02","UNKNOWN","UNKNOWN","UNKNOWN","4.9; 27 отзывов","Действующая карточка и телефон","Шаблонная витрина","Нет дизайнерской истории и кейсов","Слабая квалификация заявки","Москва и высокий чек создают потенциал платного редизайна","https://mikson-dmitrovskoe-shosse.clients.site/","7.2","HIGH","Мебельный салон","","https://mikson-dmitrovskoe-shosse.clients.site/","","",""
"L028","Art-House","Таганрог","Ростовская область","Россия","Мебель на заказ","https://art-house-ulitsa-chehova.clients.site/","VERY_WEAK","phone","+7 903 471-02-92","+7 903 471-02-92","UNKNOWN","Telegram на официальной странице","UNKNOWN","4.3; 13 отзывов","Есть Telegram","Типовой сайт не поддерживает название бренда","Нет сильной галереи проектов","CTA общий и слабый","Визуальная ниша получает прямую пользу от уникального портфолио-сайта","https://art-house-ulitsa-chehova.clients.site/","6.8","MEDIUM","Нужна репутационная осторожность","","https://art-house-ulitsa-chehova.clients.site/","","",""
"L029","StoolKreslo","Вичуга","Ивановская область","Россия","Мебель","https://stoolkreslo.clients.site/","VERY_WEAK","telegram","Telegram на официальной странице","UNKNOWN","UNKNOWN","Telegram на официальной странице","UNKNOWN","4.5; 11 отзывов","Публичный Telegram","Нет выразительного продуктового бренда","Каталог слаб для выбора","Нет доставки и условий в удобной структуре","Производитель может расширить продажи за пределы города","https://stoolkreslo.clients.site/","6.7","MEDIUM","Региональный мебельный бизнес","","https://stoolkreslo.clients.site/","","",""
"L030","ОБД-Мебель","Краснодар","Краснодарский край","Россия","Мебель на заказ","https://obd-mebel.clients.site/","VERY_WEAK","phone","+7 918 417-26-10","+7 918 417-26-10","UNKNOWN","UNKNOWN","UNKNOWN","4.9; 26 отзывов","Действующая карточка","Шаблонная презентация","Нет кейсов с бюджетом и сроками","Нет удобного брифа на расчет","Высокий средний чек делает даже небольшой прирост конверсии ценным","https://obd-mebel.clients.site/","7.2","HIGH","Локальный производитель","","https://obd-mebel.clients.site/","","",""
"L031","7 Витрин","Москва","Москва","Россия","Торговое оборудование и мебель","https://7-vitrin.clients.site/","VERY_WEAK","phone","+7 495 661-06-63","+7 495 661-06-63","UNKNOWN","UNKNOWN","UNKNOWN","4.7; 36 отзывов","Действующий городской телефон","Типовой B2B-сайт","Нет отраслевых кейсов","Нет формы технического задания","В B2B один заказ может окупить разработку сайта","https://7-vitrin.clients.site/","7.4","HIGH","Город определен по публичному коду и карточке","","https://7-vitrin.clients.site/","","",""
"L032","Гидропро","Москва","Москва","Россия","Гидроизоляция и строительство","https://hidropro.clients.site/","VERY_WEAK","phone","+7 495 150-52-07","+7 495 150-52-07","UNKNOWN","UNKNOWN","UNKNOWN","4.9; 29 отзывов","WhatsApp и активная карточка","Нет инженерного визуального доверия","Не показаны узлы и кейсы объектов","Нет формы расчета по параметрам","Высокий чек и техническая сложность услуг оправдывают экспертный сайт","https://hidropro.clients.site/","7.6","HIGH","B2B и частные заказы","","https://hidropro.clients.site/","","",""
"L033","Mansio Group","Одинцовский городской округ","Московская область","Россия","Строительство","https://mansio-group.clients.site/","VERY_WEAK","phone","+7 495 182-02-42","+7 495 182-02-42","UNKNOWN","Telegram на официальной странице","UNKNOWN","4.3; 6 отзывов","Есть Telegram Viber WhatsApp","Шаблонная страница","Мало доказательств завершенных объектов","Нет подробного процесса и сметы","Один строительный контракт способен окупить качественный сайт","https://mansio-group.clients.site/","7.0","MEDIUM","Небольшая база отзывов","","https://mansio-group.clients.site/","","",""
"L034","Вятич Плюс","Тула","Тульская область","Россия","Строительство","https://wwwterem-prorutula.clients.site/","VERY_WEAK","phone","+7 487 275-14-46","+7 487 275-14-46","UNKNOWN","UNKNOWN","UNKNOWN","4.2; 28 отзывов","Действующая карточка","Слабое имя домена и шаблон","Нет кейсов с этапами и гарантиями","Неясная специализация","Региональный подрядчик может увеличить доверие к крупным сделкам","https://wwwterem-prorutula.clients.site/","6.9","MEDIUM","Нужен ребрендинг вместе с сайтом","","https://wwwterem-prorutula.clients.site/","","",""
"L035","Строительная компания Эталон","Санкт-Петербург","Санкт-Петербург","Россия","Строительство","https://stroitelnaja-kompanija-etalon.clients.site/","VERY_WEAK","phone","+7 812 922-22-50","+7 812 922-22-50","UNKNOWN","UNKNOWN","UNKNOWN","4.3; 9 отзывов","Действующий телефон","Типовой сайт","Нет портфолио объектов","Слабые гарантии и CTA","Высокий чек строительства создает экономику для редизайна","https://stroitelnaja-kompanija-etalon.clients.site/","6.9","MEDIUM","Низкий объем отзывов","","https://stroitelnaja-kompanija-etalon.clients.site/","","",""
"L036","Я Мой Дом","Москва","Москва","Россия","Строительство и ремонт","https://ja-moj-dom.clients.site/","VERY_WEAK","phone","+7 495 128-14-55","+7 495 128-14-55","UNKNOWN","UNKNOWN","UNKNOWN","4.3; 11 отзывов","Действующая карточка","Шаблон не отражает бренд","Нет до и после","Нет квалифицирующей формы заявки","Московский средний чек позволяет окупить лидогенерирующий сайт","https://ja-moj-dom.clients.site/","7.0","MEDIUM","Локальный подрядчик","","https://ja-moj-dom.clients.site/","","",""
"L037","Эко Лес","Санкт-Петербург","Санкт-Петербург","Россия","Пиломатериалы","https://eko-les-uspenskaja-doroga.clients.site/filter-category/pilomaterialy","VERY_WEAK","phone","+7 812 969-44-54","+7 812 969-44-54","UNKNOWN","UNKNOWN","UNKNOWN","4.5; 23 отзыва","Действующий каталог и карточка","Шаблонная товарная выдача","Нет удобной B2B-навигации","Нет расчета доставки и объема","Каталог и оптовые заказы дают прямой потенциал роста заявок","https://eko-les-uspenskaja-doroga.clients.site/filter-category/pilomaterialy","7.1","MEDIUM","Поставщик материалов","","https://eko-les-uspenskaja-doroga.clients.site/filter-category/pilomaterialy","","",""
"L038","Бытовка ГРУП","Тула","Тульская область","Россия","Модульные строения","https://bytovka-grup-1683903525.clients.site/","VERY_WEAK","phone","+7 965 180-85-58","+7 965 180-85-58","UNKNOWN","Telegram на официальной странице","UNKNOWN","4.9; 30 отзывов","Telegram и WhatsApp","Нет сильного продуктового каталога","Не показаны варианты комплектаций","Нет быстрого расчета доставки","Высокий чек модульных объектов и региональные продажи оправдывают сайт","https://bytovka-grup-1683903525.clients.site/","7.4","HIGH","Производитель","","https://bytovka-grup-1683903525.clients.site/","","",""
"L039","Лес 72","Тюмень","Тюменская область","Россия","Пиломатериалы и строительство","https://les-72.clients.site/","VERY_WEAK","phone","+7 932 322-00-82","+7 932 322-00-82","UNKNOWN","Telegram на официальной странице","UNKNOWN","4.3; 7 отзывов","Telegram Viber WhatsApp","Шаблонная карточка","Слабый каталог","Нет B2B-условий и калькулятора","Сайт может расширить региональный охват и квалифицировать заявки","https://les-72.clients.site/","6.8","MEDIUM","Небольшая база отзывов","","https://les-72.clients.site/","","",""
"L040","Unitdom","Москва","Москва","Россия","Строительство домов","https://unitdom.clients.site/","VERY_WEAK","phone","+7 901 170-50-20","+7 901 170-50-20","UNKNOWN","Telegram на официальной странице","UNKNOWN","4.8; 40 отзывов","Свежие отзывы о стройках 2026","Типовой конструктор для дорогого продукта","Нет полноценной галереи проектов с комплектациями","Не раскрыт путь от проекта до сдачи","Высокий чек дома делает персональный конверсионный сайт окупаемым","https://unitdom.clients.site/","7.6","HIGH","Активные проекты 2026","","https://unitdom.clients.site/","","",""
"L041","Kodi","Сочи","Краснодарский край","Россия","Окна и двери","https://kodi.clients.site/","VERY_WEAK","phone","+7 988 236-66-63","+7 988 236-66-63","UNKNOWN","Telegram на официальной странице","UNKNOWN","3.9; отзывы есть","Telegram и WhatsApp","Слабая типовая подача","Нет визуализации решений","Нет калькулятора","Рынок Сочи и высокий чек остекления дают потенциал заявок","https://kodi.clients.site/","6.7","LOW","Рейтинг требует осторожности","","https://kodi.clients.site/","","",""
"L042","Панорама","Владимир","Владимирская область","Россия","Окна","https://panoramaokna.clients.site/","VERY_WEAK","phone","+7 492 225-11-85","+7 492 225-11-85","UNKNOWN","UNKNOWN","UNKNOWN","4.2; 18 отзывов","Действующая карточка","Шаблонный дизайн","Нет сравнения профилей","Нет калькулятора замера","Сайт может повысить доверие и собрать теплые заявки","https://panoramaokna.clients.site/","6.9","MEDIUM","Региональная компания","","https://panoramaokna.clients.site/","","",""
"L043","Метроплекс","Новосибирск","Новосибирская область","Россия","Окна и остекление","https://metropleks.clients.site/","VERY_WEAK","telegram","Telegram на официальной странице","UNKNOWN","UNKNOWN","Telegram на официальной странице","UNKNOWN","4.3; 7 отзывов","Telegram и WhatsApp","Типовая страница","Нет кейсов остекления","Нет расчета стоимости","Крупный город и сезонный спрос позволяют измерить эффект редизайна","https://metropleks.clients.site/","6.8","MEDIUM","Небольшая база отзывов","","https://metropleks.clients.site/","","",""
"L044","Натяжные потолки от Частника","Москва","Москва","Россия","Натяжные потолки","https://natyazhnye-potolki-ot-chastnika.clients.site/","VERY_WEAK","phone","+7 977 162-39-36","+7 977 162-39-36","UNKNOWN","Telegram на официальной странице","UNKNOWN","4.9; 28 отзывов","Telegram и WhatsApp","Нет личного бренда мастера","Нет портфолио с ценами","Слабая квалификация помещения","Для частного мастера сайт может снизить зависимость от агрегаторов","https://natyazhnye-potolki-ot-chastnika.clients.site/","7.3","HIGH","Личный подрядчик","","https://natyazhnye-potolki-ot-chastnika.clients.site/","","",""
"L045","Профи-Потолков","Санкт-Петербург","Санкт-Петербург","Россия","Натяжные потолки","https://profi-potolkov.ru/","GOOD","phone","+7 812 603-47-87","+7 812 603-47-87","UNKNOWN","https://telegram.me/+79219068483","UNKNOWN","4.9; 94 отзыва","Свежие отзывы и вызов специалиста","No qualifying redesign gap confirmed","Independent site has catalogue, gallery and calculator","Measurement and lead forms are already prominent","Локальный спрос и 94 отзыва дают готовый фундамент для лидогенерации","https://profi-potolkov.clients.site/filter-category/natyazhnye-potolki-zamer-izgotovlenie-montazh; https://yandex.ru/maps/org/152915882153; https://profi-potolkov.ru/","2.2","HIGH","TOP-20 independent-site recheck: FOUND_GOOD. Live 360/1440 audit: HTTP 200, no overflow, product catalogue, gallery, prices, calculator, measurement CTA and ten forms. Commercially complete; drop.","FOUND_GOOD","https://profi-potolkov.ru/","https://profi-potolkov.clients.site/filter-category/natyazhnye-potolki-zamer-izgotovlenie-montazh","Exact name + Novokolomyazhsky address search and exact phone search both surfaced profi-potolkov.ru; public cards corroborate the company identity.","Live 360/1440 audit: HTTP 200, no overflow, product catalogue, gallery, prices, calculator, measurement CTA and ten forms. Commercially complete; drop."
"L046","Инлайт","Санкт-Петербург","Санкт-Петербург","Россия","Натяжные потолки","https://potolki-inlite.clients.site/","VERY_WEAK","telegram","Telegram на официальной странице","UNKNOWN","UNKNOWN","Telegram на официальной странице","UNKNOWN","4.7; 22 отзыва","Telegram и WhatsApp","Шаблонный сайт","Нет кейсов освещения и потолков","Нет удобного замера","Услуга визуальная и хорошо подходит для портфолио-сайта","https://potolki-inlite.clients.site/","7.1","MEDIUM","Локальный подрядчик","","https://potolki-inlite.clients.site/","","",""
"L047","Двери окна полы","Дашковка","Московская область","Россия","Двери и окна","https://dveri-okna-poly.clients.site/filter-category/dver-mezhkomnatnaya-massiv-olhi","VERY_WEAK","phone","+7 925 735-87-08","+7 925 735-87-08","UNKNOWN","Telegram на официальной странице","UNKNOWN","4.9; 40 отзывов","Telegram и WhatsApp","Типовой каталог","Нет фильтрации по задаче и бюджету","Нет расчета монтажа","Широкий ассортимент и монтаж создают несколько конверсионных сценариев","https://dveri-okna-poly.clients.site/filter-category/dver-mezhkomnatnaya-massiv-olhi","7.4","HIGH","Серпуховский округ","","https://dveri-okna-poly.clients.site/filter-category/dver-mezhkomnatnaya-massiv-olhi","","",""
"L048","Модерн-Нева","Санкт-Петербург","Санкт-Петербург","Россия","Окна и двери","https://modern-neva.clients.site/","VERY_WEAK","phone","+7 812 940-01-05","+7 812 940-01-05","UNKNOWN","UNKNOWN","UNKNOWN","4.4; 27 отзывов","Действующая карточка","Шаблонная страница","Слабо показаны материалы и гарантии","Нет калькулятора","Конкурентный рынок СПб требует более сильного доверия","https://modern-neva.clients.site/","7.1","MEDIUM","Локальная компания","","https://modern-neva.clients.site/","","",""
"L049","GreenDoor","Щёлково","Московская область","Россия","Двери","https://greendoorrussia.ru/","BROKEN","telegram","https://telegram.me/+79036151529","+7 903 615-15-29","UNKNOWN","https://telegram.me/+79036151529","UNKNOWN","5.0; 77 отзывов","Свежие отзывы и Telegram","Independent domain fails HTTP and HTTPS loading","TLS handshake fails","Factory lacks a usable owned web channel","Производитель с 77 отзывами может конвертировать поисковый спрос лучше","https://fabrika-dverej-grendoor.clients.site/; https://yandex.ru/maps/org/12657708892; https://greendoorrussia.ru/","9.2","HIGH","TOP-20 independent-site recheck: FOUND_BROKEN. Live HTTP and HTTPS checks failed on both widths (HTTP response failure / connection closed); curl also failed TLS. The independent domain exists but is unusable; keep.","FOUND_BROKEN","https://greendoorrussia.ru/","https://fabrika-dverej-grendoor.clients.site/","Exact brand + Shchyolkovo/address search and exact phone +7 903 615-15-29 search identify greendoorrussia.ru; public directory/card data match the same factory.","Live HTTP and HTTPS checks failed on both widths (HTTP response failure / connection closed); curl also failed TLS. The independent domain exists but is unusable; keep."
"L050","Мария","Екатеринбург","Свердловская область","Россия","Салон красоты","https://marija-ulitsa-borodina.clients.site/","VERY_WEAK","phone","+7 901 249-86-38","+7 901 249-86-38","UNKNOWN","UNKNOWN","UNKNOWN","4.5; 129 отзывов","Большая база отзывов","Шаблонный салонный сайт","Нет образа мастеров и работ","Слабая онлайн-запись по услугам","Повторные визиты и 129 отзывов делают сайт экономически оправданным","https://marija-ulitsa-borodina.clients.site/","7.6","HIGH","Салон с устойчивой репутацией","","https://marija-ulitsa-borodina.clients.site/","","",""
"L051","Mami Beauty Room","Москва","Москва","Россия","Косметология","https://mami-beauty.clients.site/","VERY_WEAK","whatsapp","https://wa.me/79255631916","+7 925 563-19-16","UNKNOWN","UNKNOWN","https://vk.ru/mamibeautyroom","5.0; 121 отзыв","Свежие отзывы и активный WhatsApp","Шаблон не передает премиальный уровень","Нет экспертных профилей и протоколов","Недостаточно до и после и безопасных ожиданий","Высокий чек косметологии и повторные процедуры дают сильную окупаемость","https://mami-beauty.clients.site/; https://yandex.ru/maps/org/138800249092","9.4","HIGH","TOP-20 independent-site recheck: NOT_FOUND. Business activity and direct WhatsApp are confirmed. With no independent domain found, the generic clients.site page is still the primary web presence.","NOT_FOUND","https://mami-beauty.clients.site/","https://mami-beauty.clients.site/","Exact name + Kakhovka address search and exact phone search found only clients.site, maps/directories and public social profiles; no owned domain was found.","Business activity and direct WhatsApp are confirmed. With no independent domain found, the generic clients.site page is still the primary web presence."
"L052","My Wishes","Москва","Москва","Россия","Салон красоты","https://wishes.clients.site/","CONVERSION_BAD","phone","+7 910 477-66-22","+7 910 477-66-22","UNKNOWN","Telegram на официальной странице","UNKNOWN","4.5; 70 отзывов","Telegram Viber WhatsApp","Разрозненные точки входа между страницами","Слабая иерархия услуг","Нет убедительного сценария записи","Салон может повысить повторные записи и средний чек через понятную упаковку","https://wishes.clients.site/","7.0","MEDIUM","Есть внешняя страница my.wishes; требует отдельной проверки","","https://wishes.clients.site/","","",""
"L053","Эль Ботэ","Балашиха","Московская область","Россия","Салон красоты","https://el-bote.clients.site/","VERY_WEAK","phone","+7 495 507-15-06","+7 495 507-15-06","UNKNOWN","UNKNOWN","UNKNOWN","5.0; 262 отзыва","Онлайн-запись и свежие отзывы","Типовой внешний вид","Нет сильной визуальной истории бренда","Услуги не собраны в понятные комплексы","Большая база отзывов и повторные услуги дают потенциал роста","https://el-bote.clients.site/","7.6","HIGH","Сильное социальное доказательство","","https://el-bote.clients.site/","","",""
"L054","Mier Lege","Зеленоград","Москва","Россия","Косметология","https://mier-lege.clients.site/","VERY_WEAK","phone","+7 904 567-84-52","+7 904 567-84-52","UNKNOWN","UNKNOWN","UNKNOWN","4.9; отзывы есть","Активная карточка","Шаблонный медицинский образ","Не раскрыты специалисты и безопасность","Нет воронки консультации","Высокий чек и локальная платежеспособная аудитория","https://mier-lege.clients.site/","7.3","MEDIUM","Количество отзывов не зафиксировано","","https://mier-lege.clients.site/","","",""
"L055","OMA Clinic","Химки","Московская область","Россия","Косметология","https://omaclinic.clients.site/","VERY_WEAK","telegram","https://telegram.me/OMACLINIC","+7 995 615-29-58","UNKNOWN","https://telegram.me/OMACLINIC","https://vk.ru/omaclinic","4.9; 41 отзыв","Акции и активные соцсети","Типовой сайт конструктора","Нет полноценного доверительного медицинского контента","Каталог и корзина не заменяют консультационную воронку","Высокий чек и активные акции дают потенциал конверсии","https://omaclinic.clients.site/; https://yandex.ru/maps/org/209015605634","8.9","HIGH","TOP-20 independent-site recheck: NOT_FOUND. The business is active and contactable, but no independent site was found. The generic listing remains the primary web presence.","NOT_FOUND","https://omaclinic.clients.site/","https://omaclinic.clients.site/","Exact name + Khimki search and exact phone search surfaced clients.site, maps, promotion directories and social pages; no owned independent domain was found.","The business is active and contactable, but no independent site was found. The generic listing remains the primary web presence."
"L056","Кабинет Зелениной Татьяны","Севастополь","Севастополь","Россия","Массаж и косметология","https://kabinet-massazha-i-ulitsa-nikolaja-muzyki.clients.site/","VERY_WEAK","phone","+7 978 778-41-61","+7 978 778-41-61","UNKNOWN","Telegram на официальной странице","UNKNOWN","4.8; 23 отзыва","Telegram и WhatsApp","Нет личного бренда специалиста","Не раскрыты методики и результаты","Нет записи по задачам клиента","Личный эксперт может повысить доверие и повторные обращения","https://kabinet-massazha-i-ulitsa-nikolaja-muzyki.clients.site/","7.1","MEDIUM","Частный кабинет","","https://kabinet-massazha-i-ulitsa-nikolaja-muzyki.clients.site/","","",""
"L057","Доктор Красоты","Севастополь","Севастополь","Россия","Косметология","https://doktor-krasoty.clients.site/","VERY_WEAK","telegram","Telegram на официальной странице","UNKNOWN","UNKNOWN","Telegram на официальной странице","UNKNOWN","5.0; 142 отзыва","Активный Telegram и свежие отзывы","Шаблон не передает медицинское доверие","Нет профилей специалистов","Не хватает объяснения процедур","Сильная репутация и высокий чек делают сайт перспективным","https://doktor-krasoty.clients.site/","7.6","HIGH","Косметология","","https://doktor-krasoty.clients.site/","","",""
"L058","Paradise Place","Москва","Москва","Россия","Салон красоты","https://paradise-place.clients.site/","VERY_WEAK","website_form","https://paradise-place.clients.site/","UNKNOWN","UNKNOWN","UNKNOWN","UNKNOWN","4.9; 69 отзывов","Действующая карточка и отзывы","Типовой сайт","Нет собственного визуального языка","Слабая запись и контактная доступность","Салон с хорошими отзывами может повысить конверсию через ясный контактный сценарий","https://paradise-place.clients.site/","7.0","MEDIUM","Прямой телефон не зафиксирован","","https://paradise-place.clients.site/","","",""
"L059","Языковая школа Я","Новосибирск","Новосибирская область","Россия","Образование","https://jazykovaja-shkola-ja.clients.site/","VERY_WEAK","phone","+7 383 243-50-30","+7 383 243-50-30","UNKNOWN","UNKNOWN","UNKNOWN","4.9; 59 отзывов","WhatsApp и активная карточка","Шаблонная подача курсов","Нет сегментации по возрасту и цели","Нет пробного урока как сильного CTA","Абонементная модель и повторные платежи позволяют окупить сайт","https://jazykovaja-shkola-ja.clients.site/","7.5","HIGH","Частная школа","","https://jazykovaja-shkola-ja.clients.site/","","",""
"L060","Либерти","Балашиха","Московская область","Россия","Детский центр","https://liberti-ulitsa-kalinina.clients.site/","VERY_WEAK","whatsapp","WhatsApp на официальной странице","UNKNOWN","UNKNOWN","UNKNOWN","UNKNOWN","5.0; 45 отзывов","Активная карточка и WhatsApp","Типовой детский сайт","Нет программ по возрастам","Недостаточно доверия к педагогам","Регулярные занятия и локальные родители формируют повторный доход","https://liberti-ulitsa-kalinina.clients.site/","7.4","HIGH","Район Саввино","","https://liberti-ulitsa-kalinina.clients.site/","","",""
"L061","Сёма","Новороссийск","Краснодарский край","Россия","Детский центр","https://novoros.semaclub.ru/","BROKEN","telegram","https://telegram.me/sema0390303","+7 918 039-03-03","UNKNOWN","https://telegram.me/sema0390303","UNKNOWN","5.0; 92 отзыва","Свежие отзывы и запись","Official local domain redirects away from the business","Destination presents unrelated mortgage content","Independent web channel is unusable","Стабильная репутация и абонементы создают хороший LTV","https://sema-prospekt-dzerzhinskogo.clients.site/; https://yandex.ru/maps/org/1040365511; https://novoros.semaclub.ru/","9.6","HIGH","TOP-20 independent-site recheck: FOUND_BROKEN. Live 360/1440 audit timed out. The local domain redirects to semaclub.ru, which currently resolves to an unrelated mortgage page. The independent web presence is unusable; keep.","FOUND_BROKEN","https://novoros.semaclub.ru/","https://sema-prospekt-dzerzhinskogo.clients.site/","Exact name + Novorossiysk/address search and phone/domain search link novoros.semaclub.ru to the two local Sema centers; a partner directory lists the exact Dzerzhinsky 226 branch.","Live 360/1440 audit timed out. The local domain redirects to semaclub.ru, which currently resolves to an unrelated mortgage page. The independent web presence is unusable; keep."
"L062","Эи дети","Долгопрудный","Московская область","Россия","Семейный центр","https://semejnyj-tsentr-razvitija.clients.site/","VERY_WEAK","phone","+7 963 966-77-90","+7 963 966-77-90","UNKNOWN","UNKNOWN","UNKNOWN","5.0; 61 отзыв","WhatsApp и отзывы","Шаблонная страница","Неясная программа по возрастам","Нет сильной заявки на пробное занятие","Повторные занятия и рекомендации родителей дают устойчивую экономику","https://semejnyj-tsentr-razvitija.clients.site/","7.5","HIGH","Частный центр","","https://semejnyj-tsentr-razvitija.clients.site/","","",""
"L063","Центр логопедической подготовки к школе","Серпухов","Московская область","Россия","Логопедия","https://tsentr-logopedicheskoj-novaja-ulitsa.clients.site/","VERY_WEAK","phone","+7 905 114-89-34","+7 905 114-89-34","UNKNOWN","Telegram на официальной странице","UNKNOWN","4.6; 10 отзывов","Telegram и действующая карточка","Длинное название без бренда","Нет объяснения диагностики и результатов","Слабая запись по возрасту","Экспертная ниша требует доверия и хорошо продается через кейсы и методику","https://tsentr-logopedicheskoj-novaja-ulitsa.clients.site/","6.9","MEDIUM","Небольшая база отзывов","","https://tsentr-logopedicheskoj-novaja-ulitsa.clients.site/","","",""
"L064","Центр имени Хелен Келлер","Москва","Москва","Россия","Развитие речи и слуха","https://логопед-центр.рф/","GOOD","telegram","https://telegram.me/helenkeller_centr","+7 985 928-95-94","UNKNOWN","https://telegram.me/helenkeller_centr","https://vk.ru/helenkeller_centr","5.0; 33 отзыва","Активные соцсети и заявка","No qualifying redesign gap confirmed","Independent site presents specialists and directions","Consultation paths and current contacts are clear","Высокая ценность услуги и сложный выбор требуют полноценного доверительного сайта","https://helenkellercentr.clients.site/; https://yandex.ru/maps/org/83665767595; https://логопед-центр.рф/","2.5","HIGH","TOP-20 independent-site recheck: FOUND_GOOD. Live 360/1440 audit: HTTP 200, no overflow, directions, specialists, reviews, useful materials, consultation CTAs and exact phone/address. Drop.","FOUND_GOOD","https://логопед-центр.рф/","https://helenkellercentr.clients.site/","Exact name search and exact phone +7 985 928-95-94 search both match логопед-центр.рф; Yandex Maps and local press identify the same center.","Live 360/1440 audit: HTTP 200, no overflow, directions, specialists, reviews, useful materials, consultation CTAs and exact phone/address. Drop."
"L065","Коррекционный логопедический центр","Санкт-Петербург","Санкт-Петербург","Россия","Логопедия","https://korrektsionnyj-logopedicheskij.clients.site/filter-category/dizartriya","VERY_WEAK","whatsapp","WhatsApp на официальной странице","UNKNOWN","UNKNOWN","UNKNOWN","UNKNOWN","5.0; 30 отзывов","Действующая карточка","Шаблонный медицинско-образовательный сайт","Нет структуры по диагнозам и возрастам","Нет понятного первого шага","Сложная экспертная услуга выигрывает от образовательного контента","https://korrektsionnyj-logopedicheskij.clients.site/filter-category/dizartriya","7.3","HIGH","Специализированный центр","","https://korrektsionnyj-logopedicheskij.clients.site/filter-category/dizartriya","","",""
"L066","Логопед и Я","Москва","Москва","Россия","Логопедия","https://logopedicheskij-tsentr-logoped.clients.site/","VERY_WEAK","phone","+7 495 142-75-38","+7 495 142-75-38","UNKNOWN","UNKNOWN","UNKNOWN","5.0; 71 отзыв","WhatsApp и отзывы","Типовой сайт","Нет четкой сегментации услуг","Слабая презентация команды","Большая база отзывов и повторные занятия поддерживают инвестицию","https://logopedicheskij-tsentr-logoped.clients.site/","7.6","HIGH","Частный центр","","https://logopedicheskij-tsentr-logoped.clients.site/","","",""
"L067","Разноцветные цыплята","Москва","Москва","Россия","Детский центр","https://color-chicks.ru/msk/rechnoy-vokzal/","GOOD","telegram","https://telegram.me/colorchicks_rv_y","+7 930 035-70-99","UNKNOWN","https://telegram.me/colorchicks_rv_y","https://vk.ru/color.chicks_rechnoyvokzal","5.0; 53 отзыва","Акции и активные соцсети","No qualifying redesign gap confirmed","Exact branch page segments programs by age","Specialists, prices and diagnostic forms are present","Повторные абонементы и сильный нейминг дают хороший потенциал","https://raznotsvetnye-tsypljata-1684174999.clients.site/; https://yandex.ru/maps/org/111514227448; https://color-chicks.ru/msk/rechnoy-vokzal/","1.6","HIGH","TOP-20 independent-site recheck: FOUND_GOOD. Live 360/1440 audit: HTTP 200, no overflow, age/program paths, specialists, evidence, prices, five forms and repeated diagnostic CTAs. Drop.","FOUND_GOOD","https://color-chicks.ru/msk/rechnoy-vokzal/","https://raznotsvetnye-tsypljata-1684174999.clients.site/","Exact branch name/location search and exact phone +7 930 035-70-99 search both match the dedicated color-chicks.ru branch page with the same Belomorskaya 20k3 address.","Live 360/1440 audit: HTTP 200, no overflow, age/program paths, specialists, evidence, prices, five forms and repeated diagnostic CTAs. Drop."
"L068","МЫ ВМЕСТЕ","Москва","Москва","Россия","Детский центр","https://mi-vmeste.clients.site/","VERY_WEAK","phone","+7 916 019-80-08","+7 916 019-80-08","UNKNOWN","Telegram на официальной странице","UNKNOWN","5.0; 50 отзывов","Telegram и WhatsApp","Шаблонная страница","Нет ясного перечня результатов","Слабая запись на консультацию","Родительская аудитория принимает решение через доверие и доказательства","https://mi-vmeste.clients.site/","7.4","HIGH","Частный центр","","https://mi-vmeste.clients.site/","","",""
"L069","Правовые и Бухгалтерские Услуги","Москва","Москва","Россия","Юридические и бухгалтерские услуги","https://pravovye-i-buhgalterskie.clients.site/","VERY_WEAK","phone","+7 499 653-67-23","+7 499 653-67-23","UNKNOWN","Telegram на официальной странице","UNKNOWN","4.9; 24 отзыва","Telegram и WhatsApp","Безликий шаблонный сайт","Нет специализации по типам клиентов","Нет лид-магнита или диагностики","Один B2B-клиент может окупить разработку","https://pravovye-i-buhgalterskie.clients.site/","7.3","HIGH","B2B","","https://pravovye-i-buhgalterskie.clients.site/","","",""
"L070","ЮрФинЭксперт","Санкт-Петербург","Санкт-Петербург","Россия","Юридические услуги","https://jurfinekspert.clients.site/","VERY_WEAK","phone","+7 812 334-10-90","+7 812 334-10-90","UNKNOWN","UNKNOWN","UNKNOWN","4.8; 16 отзывов","Действующая карточка","Шаблон не передает экспертизу","Нет практик и кейсов","Слабый первичный контакт","Высокий чек юридических услуг делает экспертный сайт ценным","https://jurfinekspert.clients.site/","7.1","MEDIUM","Небольшая база отзывов","","https://jurfinekspert.clients.site/","","",""
"L071","Тонкий и партнеры","Москва","Москва","Россия","Юридические услуги","https://tonkij-i-partnery.clients.site/filter-category/sostavlenie-hodatajstva","VERY_WEAK","phone","+7 495 215-13-12","+7 495 215-13-12","UNKNOWN","Telegram на официальной странице","UNKNOWN","4.5; отзывы есть","Telegram и WhatsApp","Типовая страница","Нет отраслевой специализации в навигации","Нет убедительных кейсов","Партнерская фирма может продавать дорогие услуги через экспертный контент","https://tonkij-i-partnery.clients.site/filter-category/sostavlenie-hodatajstva","7.2","MEDIUM","Количество отзывов не зафиксировано","","https://tonkij-i-partnery.clients.site/filter-category/sostavlenie-hodatajstva","","",""
"L072","Юрвизит","Санкт-Петербург","Санкт-Петербург","Россия","Юридические услуги","https://jurvizit.clients.site/filter-category/all","VERY_WEAK","phone","+7 965 189-81-13","+7 965 189-81-13","UNKNOWN","UNKNOWN","UNKNOWN","5.0; 165 отзывов","Большая база отзывов","Типовой сайт","Каталог услуг не объясняет выбор","Нет сильной команды и кейсов","165 отзывов и высокий чек создают потенциал конверсии","https://jurvizit.clients.site/filter-category/all","7.6","HIGH","Город подтвержден публичными профилями команды","","https://jurvizit.clients.site/filter-category/all","","",""
"L073","ПитерЮст","Санкт-Петербург","Санкт-Петербург","Россия","Юридические услуги","https://piterjust.clients.site/","VERY_WEAK","website_form","https://piterjust.clients.site/","UNKNOWN","UNKNOWN","UNKNOWN","UNKNOWN","Отзывы присутствуют","Действующая публичная карточка","Типовой сайт","Слабо раскрыты практики","Нет квалифицирующей формы","Локальный юридический бренд может привлекать заявки из поиска","https://piterjust.clients.site/","6.9","MEDIUM","Прямой контакт требует дополнительной проверки","","https://piterjust.clients.site/","","",""
"L074","Бухгалтерия на Ятъ","Санкт-Петербург","Санкт-Петербург","Россия","Бухгалтерские услуги","https://accounting-na-yat.clients.site/","VERY_WEAK","phone","+7 962 684-34-54","+7 962 684-34-54","UNKNOWN","Telegram на официальной странице","UNKNOWN","5.0; 28 отзывов","Активны VK и Telegram","Шаблонная B2B-страница","Нет тарифов по типам бизнеса","Нет калькулятора стоимости","Подписная модель дает высокий LTV и окупаемость сайта","https://accounting-na-yat.clients.site/","7.4","HIGH","B2B услуги","","https://accounting-na-yat.clients.site/","","",""
"L075","Кепин и Партнеры","Владимир","Владимирская область","Россия","Юридические услуги","https://jukk-kepin-i-partnery.clients.site/","VERY_WEAK","phone","+7 961 255-75-57","+7 961 255-75-57","UNKNOWN","UNKNOWN","UNKNOWN","4.2; 16 отзывов","Действующий телефон","Шаблонный образ","Нет специализаций и команды","Недостаточно доверительных доказательств","Региональная фирма может закрепить экспертность в локальном поиске","https://jukk-kepin-i-partnery.clients.site/","6.9","MEDIUM","Рейтинг требует аккуратной подачи","","https://jukk-kepin-i-partnery.clients.site/","","",""
"L076","BURO Бизнес Консалтинг","Смоленск","Смоленская область","Россия","Юридические и бухгалтерские услуги","https://juridicheskie-uslugi-biznes-konsalting.clients.site/","VERY_WEAK","telegram","https://telegram.me/+79203155765","+7 920 315-57-65","UNKNOWN","https://telegram.me/+79203155765","UNKNOWN","4.8; 43 отзыва","Отзывы подтверждают долгие B2B-отношения","Типовой сайт Yandex Business","Нет отдельных решений для отраслей и задач","Слабая упаковка опыта и кейсов","Долгосрочные B2B-контракты дают высокую ценность лида","https://juridicheskie-uslugi-biznes-konsalting.clients.site/; https://yandex.ru/maps/org/1567941009","9.3","HIGH","TOP-20 independent-site recheck: NOT_FOUND. No independent website was found. The active B2B business still relies on a generic listing with no cases or segmented service paths.","NOT_FOUND","https://juridicheskie-uslugi-biznes-konsalting.clients.site/","https://juridicheskie-uslugi-biznes-konsalting.clients.site/","Exact name + Smolensk/address search and exact phone/messenger search found no credible owned domain; results point to clients.site, cards and public messaging profiles.","No independent website was found. The active B2B business still relies on a generic listing with no cases or segmented service paths."
"L077","Врублёнка","Екатеринбург","Свердловская область","Россия","Бухгалтерские услуги","https://vrublenka-1665552604.clients.site/","VERY_WEAK","phone","+7 800 600-32-28","+7 800 600-32-28","UNKNOWN","Telegram на официальной странице","UNKNOWN","4.9; 32 отзыва","Telegram и WhatsApp","Шаблонная страница","Нет ясных тарифов","Нет сегментации по режимам налогообложения","Абонентские услуги дают высокий LTV и позволяют окупить сайт","https://vrublenka-1665552604.clients.site/","7.4","HIGH","B2B бухгалтерия","","https://vrublenka-1665552604.clients.site/","","",""
"L078","Бухгалтерия без границ","Краснодар","Краснодарский край","Россия","Бухгалтерские услуги","https://dokument-biznes.clients.site/","VERY_WEAK","phone","+7 929 851-04-11","+7 929 851-04-11","UNKNOWN","Telegram на официальной странице","UNKNOWN","4.4; отзывы есть","Активный Telegram","Типовой сайт","Не показаны пакеты и цены","Нет сценария перехода на обслуживание","Один постоянный клиент имеет высокую пожизненную ценность","https://dokument-biznes.clients.site/","7.0","MEDIUM","Количество отзывов не зафиксировано","","https://dokument-biznes.clients.site/","","",""
"L079","Елховка SPA","Елховка","Нижегородская область","Россия","Загородный отдых","https://elhovka-spa.clients.site/","VERY_WEAK","telegram","https://telegram.me/elhovkaspa","+7 910 103-33-03","UNKNOWN","https://telegram.me/elhovkaspa","https://vk.ru/club218474080","5.0; 576 отзывов","Свежие отзывы и активные соцсети","Типовой сайт не продает атмосферу и размещение","Нет удобного подбора домика и дат","Слабая упаковка пакетов отдыха","Большой объем отзывов и бронирования с высоким чеком дают сильную окупаемость","https://elhovka-spa.clients.site/; https://yandex.ru/maps/org/150331808043","9.5","HIGH","TOP-20 independent-site recheck: NOT_FOUND. The active business is well supported by reviews and contacts, but no independent site was found. The clients.site page remains the primary web presence and the original conversion gap remains relevant.","NOT_FOUND","https://elhovka-spa.clients.site/","https://elhovka-spa.clients.site/","Exact name + region search and exact phone search surfaced only clients.site, maps, travel aggregators and social/contact pages; no owned independent domain was found.","The active business is well supported by reviews and contacts, but no independent site was found. The clients.site page remains the primary web presence and the original conversion gap remains relevant."
"L080","NeBali Country Club","Солнечногорский городской округ","Московская область","Россия","Загородный отдых","https://глав-курорт.рф/","GOOD","telegram","https://telegram.me/+79683227314","+7 968 322-73-14","UNKNOWN","https://telegram.me/+79683227314","https://vk.ru/nebali_istra","5.0; 375 отзывов","Акции и активные соцсети","No qualifying redesign gap confirmed","Independent site has villa/date selection","Online booking and contact paths are already clear","Высокий чек и 375 отзывов создают сильный бизнес-кейс","https://nebali.clients.site/; https://yandex.ru/maps/org/115911413122; https://глав-курорт.рф/","1.9","HIGH","TOP-20 independent-site recheck: FOUND_GOOD. Live 360/1440 audit: HTTP 200, no overflow, villa catalogue, date/guest selection, online booking, restaurant and contact structure. Current and commercially clear; drop.","FOUND_GOOD","https://глав-курорт.рф/","https://nebali.clients.site/","Exact name/location search and exact phone +7 968 322-73-14 search both match the independent domain; maps and travel sources corroborate the phone and NeBali property.","Live 360/1440 audit: HTTP 200, no overflow, villa catalogue, date/guest selection, online booking, restaurant and contact structure. Current and commercially clear; drop."
"L081","Soloh SPA Village","Солохаул","Краснодарский край","Россия","Загородный отдых","https://soloh.ru/","GOOD","telegram","https://telegram.me/+79284547007","+7 928 454-70-07","UNKNOWN","https://telegram.me/+79284547007","https://vk.ru/solohspavillage","5.0; 568 отзывов","Свежие отзывы и активные мессенджеры","No qualifying redesign gap confirmed","Independent site has current offers and accommodation","Direct booking and service structure are already present","Туристический объект с высоким спросом теряет прямые бронирования","https://soloh-spa-village.clients.site/; https://yandex.ru/maps/org/102426497078; https://soloh.ru/","1.7","HIGH","TOP-20 independent-site recheck: FOUND_GOOD. Live 360/1440 audit: HTTP 200, no overflow, current 2026 offers, accommodation types, SPA/restaurant content and booking CTAs. Drop.","FOUND_GOOD","https://soloh.ru/","https://soloh-spa-village.clients.site/","Exact name search and exact phone +7 928 454-70-07 search both match soloh.ru; the site and public sources show the same Solokhaul address and operator details.","Live 360/1440 audit: HTTP 200, no overflow, current 2026 offers, accommodation types, SPA/restaurant content and booking CTAs. Drop."
"L082","Банный край","Катунь","Алтайский край","Россия","База отдыха","https://bannyj-kraj.clients.site/","VERY_WEAK","phone","+7 913 273-68-73","+7 913 273-68-73","UNKNOWN","Telegram на официальной странице","UNKNOWN","4.7; 45 отзывов","Telegram и свежая карточка","Шаблон не продает локацию","Нет пакетных предложений","Нет удобного бронирования","Туристическая ниша и высокий чек выигрывают от визуального сайта","https://bannyj-kraj.clients.site/","7.5","HIGH","Алтай","","https://bannyj-kraj.clients.site/","","",""
"L083","Villa Volga","Конаково","Тверская область","Россия","Гостиница","https://villa-volga-pervomajskaja-ulitsa.clients.site/","VERY_WEAK","phone","+7 985 997-87-02","+7 985 997-87-02","UNKNOWN","UNKNOWN","UNKNOWN","4.9; 173 отзыва","Свежие отзывы и действующий объект","Типовой сайт не передает локацию у Волги","Нет выбора номера по датам","Нет пакетов и сценариев отдыха","Высокий чек проживания и 173 отзыва позволяют окупить редизайн","https://villa-volga-pervomajskaja-ulitsa.clients.site/; https://yandex.ru/maps/org/1889479073","9.1","HIGH","TOP-20 independent-site recheck: NOT_FOUND. The hotel is active, but no independent site was found. Its primary listing lacks direct date/room selection and remains a strong lead.","NOT_FOUND","https://villa-volga-pervomajskaja-ulitsa.clients.site/","https://villa-volga-pervomajskaja-ulitsa.clients.site/","Exact name + Konakovo/address search and exact phone search returned clients.site, maps and booking/travel aggregators; no owned independent domain was found.","The hotel is active, but no independent site was found. Its primary listing lacks direct date/room selection and remains a strong lead."
"L084","Усадьба Соловьи","Малое Козино","Нижегородская область","Россия","Загородный отдых","https://solovi-usadba.ru/","BROKEN","phone","+7 986 756-30-00","+7 986 756-30-00","UNKNOWN","https://telegram.me/soloveiclub","https://vk.ru/usadbasolovii","4.8; 133 отзыва","Активные соцсети и отзывы","Current independent site fails HTTP/2 loading","Older official domain also times out","Direct owned web access is broken","Загородный отдых продается визуально и имеет высокий средний чек","https://usadba-solovi.clients.site/; https://yandex.ru/maps/org/1118665541; https://solovi-usadba.ru/","9.0","HIGH","TOP-20 independent-site recheck: FOUND_BROKEN. The current domain is indexed with 2026 content but live Chrome fails with ERR_HTTP2_PROTOCOL_ERROR; the older Yandex-listed domain also timed out. Independent web access is broken; keep.","FOUND_BROKEN","https://solovi-usadba.ru/","https://usadba-solovi.clients.site/","Exact name/location search and phone +7 986 756-30-00 search match solovi-usadba.ru and the Maloe Kozino, Engelsa 2A property; Yandex also lists an older independent IDN domain.","The current domain is indexed with 2026 content but live Chrome fails with ERR_HTTP2_PROTOCOL_ERROR; the older Yandex-listed domain also timed out. Independent web access is broken; keep."
"L085","В Купавне","Балашиха","Московская область","Россия","Загородный отдых","https://v-kupavne.clients.site/","VERY_WEAK","phone","+7 962 998-06-20","+7 962 998-06-20","UNKNOWN","UNKNOWN","UNKNOWN","4.8; 87 отзывов","Действующий телефон и отзывы","Шаблонная страница","Слабо показаны варианты отдыха","Нет формы по датам и составу гостей","Близость к Москве и событийные заказы дают высокий чек","https://v-kupavne.clients.site/","7.6","HIGH","Купавна","","https://v-kupavne.clients.site/","","",""
"L086","Ёлки House","UNKNOWN","UNKNOWN","Россия","Загородный отдых","https://elki-house.clients.site/","VERY_WEAK","phone","+7 991 117-81-02","+7 991 117-81-02","UNKNOWN","UNKNOWN","UNKNOWN","5.0; 225 отзывов","WhatsApp и большая база отзывов","Типовой сайт","Локация и номера слабо структурированы","Нет сильного бронирования","225 отзывов указывают на реальный спрос и бюджет","https://elki-house.clients.site/","7.5","MEDIUM","Город и регион требуют дополнительной верификации","","https://elki-house.clients.site/","","",""
"L087","Win Gs","Москва","Москва","Россия","Фитнес-студия","https://studija-win-gs.clients.site/","VERY_WEAK","phone","+7 904 567-35-69","+7 904 567-35-69","UNKNOWN","Telegram на официальной странице","UNKNOWN","5.0; 237 отзывов","Telegram WhatsApp и свежие отзывы","Типовой сайт","Нет упаковки методики и тренеров","Слабая продажа пробного занятия","Абонементы и 237 отзывов формируют высокий LTV","https://studija-win-gs.clients.site/","7.6","HIGH","Студия групповых тренировок","","https://studija-win-gs.clients.site/","","",""
"L088","Reshape","Москва","Москва","Россия","Фитнес-студия","https://reshape-ulitsa-fadeeva.clients.site/","VERY_WEAK","phone","+7 499 450-91-77","+7 499 450-91-77","UNKNOWN","Telegram на официальной странице","UNKNOWN","5.0; 257 отзывов","Telegram WhatsApp и отзывы","Шаблон не отражает премиальный фитнес","Нет сильной презентации программ","Слабая конверсия в пробное занятие","Высокая конкуренция и абонементы оправдывают сайт","https://reshape-ulitsa-fadeeva.clients.site/","7.6","HIGH","Фитнес-студия","","https://reshape-ulitsa-fadeeva.clients.site/","","",""
"L089","ПрофитКонсорт","Москва","Москва","Россия","Фитнес-студия","https://fitnes-studija-profitkonsort.clients.site/","VERY_WEAK","phone","+7 495 952-52-84","+7 495 952-52-84","UNKNOWN","Telegram на официальной странице","UNKNOWN","4.7; 77 отзывов","Telegram Viber WhatsApp","Типовой сайт","Не показаны тренеры и результаты","Нет пробного сценария","Абонентская модель позволяет окупить лидогенерирующий сайт","https://fitnes-studija-profitkonsort.clients.site/","7.3","HIGH","Москва","","https://fitnes-studija-profitkonsort.clients.site/","","",""
"L090","Funny Studio","Москва","Москва","Россия","Фитнес-студия","https://funny-studio.clients.site/","VERY_WEAK","phone","+7 977 128-23-48","+7 977 128-23-48","UNKNOWN","Telegram на официальной странице","UNKNOWN","5.0; 43 отзыва","Telegram и WhatsApp","Типовая страница","Нет выразительного бренда","Слабая запись на пробное занятие","Локальная студия с отличным рейтингом может расти через поиск","https://funny-studio.clients.site/","7.4","HIGH","Частная студия","","https://funny-studio.clients.site/","","",""
"L091","LeFitness","Казань","Республика Татарстан","Россия","Фитнес-студия","https://lefitness.clients.site/","VERY_WEAK","telegram","https://telegram.me/le_fitness_studio","+7 927 471-22-75","UNKNOWN","https://telegram.me/le_fitness_studio","https://vk.ru/lefitness","5.0; 53 отзыва","Онлайн-запись и активные соцсети","Типовой конструктор","Не раскрыта методика и команда","Нет полноценного оффера пробного занятия","Абонементы и локальный спрос дают измеримую окупаемость","https://lefitness.clients.site/; https://yandex.ru/maps/org/76466341176","8.8","HIGH","TOP-20 independent-site recheck: NOT_FOUND. The fitness studio is active and verified by owner on maps, but no independent domain was found. Generic listing remains the primary web presence; keep.","NOT_FOUND","https://lefitness.clients.site/","https://lefitness.clients.site/","Exact name + Kazan/address search and exact phone/social search found only clients.site, maps/directories and social profiles; no credible owned independent domain was found.","The fitness studio is active and verified by owner on maps, but no independent domain was found. Generic listing remains the primary web presence; keep."
"L092","Stretchtopia","Москва","Москва","Россия","Стретчинг","https://stretchtopia.clients.site/","VERY_WEAK","phone","+7 985 355-62-42","+7 985 355-62-42","UNKNOWN","UNKNOWN","UNKNOWN","5.0; 98 отзывов","Действующая студия и отзывы","Шаблонный сайт","Нет визуальной истории результата","Слабый CTA пробного занятия","Повторные абонементы и 98 отзывов дают хороший потенциал","https://stretchtopia.clients.site/","7.6","HIGH","Москва","","https://stretchtopia.clients.site/","","",""
"L093","Благо","Ханты-Мансийск","Ханты-Мансийский автономный округ","Россия","Фитнес-студия","https://blago-ulitsa-stroitelej.clients.site/","VERY_WEAK","phone","+7 993 573-10-10","+7 993 573-10-10","UNKNOWN","Telegram на официальной странице","UNKNOWN","5.0; 51 отзыв","Telegram WhatsApp и отзывы","Типовая страница","Нет локального визуального бренда","Слабая запись по форматам занятий","Региональная студия с сильным рейтингом может закрепить лидерство","https://blago-ulitsa-stroitelej.clients.site/","7.4","HIGH","Региональная студия","","https://blago-ulitsa-stroitelej.clients.site/","","",""
"L094","МЗ Синергия","Санкт-Петербург","Санкт-Петербург","Россия","Металлообработка","https://mz-sinergia.ru/","GOOD","phone","+7 812 333-17-77","+7 812 333-17-77","UNKNOWN","UNKNOWN","UNKNOWN","4.3; 43 отзыва","Действующее производство и отраслевой каталог","Minor 32 px horizontal overflow at 360 px","No major CTA or structural gap confirmed","Independent B2B site is otherwise commercially complete","Один B2B-заказ способен многократно окупить редизайн","https://mz-sinergija.clients.site/; https://yandex.ru/maps/org/1176036222; https://mz-sinergia.ru/","2.8","HIGH","TOP-20 independent-site recheck: FOUND_GOOD. Live audit: HTTP 200; desktop has no overflow, mobile scrollWidth is 392 at 360. Despite that minor defect, the site clearly presents full-cycle CNC services, ERP/ISO, products, customers and quote forms. Drop.","FOUND_GOOD","https://mz-sinergia.ru/","https://mz-sinergija.clients.site/","Exact company + Industrialny 44A search and exact phone +7 812 333-17-77 search both match mz-sinergia.ru and the same manufacturer.","Live audit: HTTP 200; desktop has no overflow, mobile scrollWidth is 392 at 360. Despite that minor defect, the site clearly presents full-cycle CNC services, ERP/ISO, products, customers and quote forms. Drop."
"L095","Аполло","Есипово","Московская область","Россия","Металлообработка","https://apollo-1697853742.clients.site/","VERY_WEAK","phone","+7 917 034-88-88","+7 917 034-88-88","UNKNOWN","UNKNOWN","UNKNOWN","4.4; 28 отзывов","Действующее производство","Типовая карточка","Нет отраслевых кейсов","Нет загрузки ТЗ","Высокая стоимость B2B-заказа оправдывает экспертный сайт","https://apollo-1697853742.clients.site/","7.4","HIGH","Промышленный B2B","","https://apollo-1697853742.clients.site/","","",""
"L096","Завод Статус","Зеленоград","Москва","Россия","Металлообработка","https://zavod-status.clients.site/","VERY_WEAK","phone","+7 495 726-43-16","+7 495 726-43-16","UNKNOWN","UNKNOWN","UNKNOWN","4.5; 48 отзывов","Действующая карточка","Типовой сайт не выглядит как завод","Нет мощностей и сертификатов в структуре","Нет запроса КП с чертежом","Крупный B2B-чек и повторные заказы дают высокий потенциал","https://zavod-status.clients.site/","7.6","HIGH","Производство","","https://zavod-status.clients.site/","","",""
"L097","МТМ","Санкт-Петербург","Санкт-Петербург","Россия","Металлообработка","https://mtm-6-j-predportovyj-proezd.clients.site/","VERY_WEAK","phone","+7 812 309-57-72","+7 812 309-57-72","UNKNOWN","UNKNOWN","UNKNOWN","4.8; 29 отзывов","Действующая карточка","Шаблонный B2B-сайт","Нет оборудования и допусков","Нет быстрого запроса расчета","Один промышленный контракт окупает качественную лид-страницу","https://mtm-6-j-predportovyj-proezd.clients.site/","7.5","HIGH","Промышленный B2B","","https://mtm-6-j-predportovyj-proezd.clients.site/","","",""
"L098","ПГ Эталон","Зеленоград","Москва","Россия","Металлообработка","https://pg-etalon.clients.site/","VERY_WEAK","website_form","https://pg-etalon.clients.site/","UNKNOWN","UNKNOWN","UNKNOWN","UNKNOWN","4.6; 6 отзывов","Действующая карточка","Типовая страница","Нет кейсов и компетенций","Слабая контактная воронка","B2B-заказы имеют высокий чек даже при малом объеме лидов","https://pg-etalon.clients.site/","6.9","MEDIUM","Небольшая база отзывов","","https://pg-etalon.clients.site/","","",""
"L099","Тракер","Киров","Кировская область","Россия","Металлообработка","https://metalloobrabatyvajuschaja-proizvodstvennaja-ulitsa.clients.site/","VERY_WEAK","phone","+7 833 222-06-39","+7 833 222-06-39","UNKNOWN","UNKNOWN","UNKNOWN","4.3; 4 отзыва","Действующая карточка","Длинный технический домен и шаблон","Нет оборудования и примеров деталей","Нет формы технического задания","Региональный производитель может расширить B2B-географию","https://metalloobrabatyvajuschaja-proizvodstvennaja-ulitsa.clients.site/","6.7","MEDIUM","Мало отзывов","","https://metalloobrabatyvajuschaja-proizvodstvennaja-ulitsa.clients.site/","","",""
"L100","Металлика","Краснодар","Краснодарский край","Россия","Металлообработка","https://metallika.clients.site/","VERY_WEAK","whatsapp","WhatsApp на официальной странице","UNKNOWN","UNKNOWN","UNKNOWN","UNKNOWN","4.7; отзывы есть","Активный WhatsApp","Типовая страница","Нет инженерного портфолио","Нет формы запроса расчета","Высокий B2B-чек делает сайт коммерчески оправданным","https://metallika.clients.site/","7.2","MEDIUM","Количество отзывов не зафиксировано","","https://metallika.clients.site/","","",""
